{
  "supervised_lgb": {
    "model": "Supervised: LightGBM (TF-IDF + Metadata)",
    "accuracy": 0.9704877788451276,
    "precision": 0.8899019831319809,
    "recall": 0.9823855057876195,
    "f1": 0.9338595861739026,
    "roc_auc": 0.9940149869437171,
    "pr_auc": 0.9814660127962883
  },
  "unsupervised_iso": {
    "model": "Unsupervised: Isolation Forest",
    "accuracy": 0.7037,
    "precision": 0.29770087698506753,
    "recall": 0.29770087698506753,
    "f1": 0.29770087698506753,
    "roc_auc": 0.5811321993968793,
    "pr_auc": 0.34423406591589945
  },
  "hybrid": {
    "model": "Hybrid: 60% Supervised + 40% Unsupervised",
    "accuracy": 0.9716084961041733,
    "precision": 0.9060877772534214,
    "recall": 0.9662808253648717,
    "f1": 0.9352167559668777,
    "roc_auc": 0.9920612060212021,
    "pr_auc": 0.9727280056501718
  },
  "config": {
    "fake_threshold": 3,
    "hybrid_alpha": 0.6,
    "sample_size_for_iso": 20000,
    "svd_components": 50
  },
  "fake_rate_observed": 0.21209986444223852,
  "duplicates_count": 4666
}